Title,URLs,Categories
"5 Common Myths About Cancer",https://capacitacion.com.uy/5-common-myths-about-cancer/,"Blog &amp; Events"
"5 Common Neurological Disorders",https://capacitacion.com.uy/5-common-neurological-disorders/,Cake
"8 ways to keep your heart forever young",https://capacitacion.com.uy/8-ways-to-keep-your-heart-forever-young/,"Hanoi, Projects"
"A glimpse of the future through an augmented reality headset",https://capacitacion.com.uy/events/a-glimpse-of-the-future-through-an-augmented-reality-headset/,
Advertisement,https://capacitacion.com.uy/advertisement/,
"All teacher",https://capacitacion.com.uy/all-teacher/,
"All theories of Networking",all-theories-of-networking,
Animate,animate,
"Awesome test",awesome-test-copy-3,
"Awesome test",awesome-test-copy-copy-2,
"Awesome test",awesome-test,
"Awesome test",awesome-test-copy-copy,
"Awesome test",awesome-test-copy-2,
"Awesome test Copy",awesome-test-copy-4,
"Awesome test Copy",awesome-test-copy,
"Become a Teacher",https://capacitacion.com.uy/become-a-teacher-2/,
"Become a Teacher",https://capacitacion.com.uy/become-a-teacher/,
"Become an instructor",https://capacitacion.com.uy/become-an-instructor/,
Blog,https://capacitacion.com.uy/blog/,
Carreras,https://capacitacion.com.uy/carrers/,
Categorías,https://capacitacion.com.uy/categorias/,
"Certificate Add-on",certificate-add-on-copy-3,
"Certificate Add-on",certificate-add-on-copy-copy-2,
"Certificate Add-on",certificate-add-on,
"Certificate Add-on",certificate-add-on-copy-copy,
"Certificate Add-on",certificate-add-on-copy-2,
"Certificate Add-on Copy",certificate-add-on-copy-4,
"Certificate Add-on Copy",certificate-add-on-copy,
Checkout,https://capacitacion.com.uy/checkout-2/,
Checkout,https://capacitacion.com.uy/checkout/,
"Co-instructor add-on",co-instructor-add-on-copy-3,
"Co-instructor add-on",co-instructor-add-on-copy-copy-2,
"Co-instructor add-on",co-instructor-add-on,
"Co-instructor add-on",co-instructor-add-on-copy-copy,
"Co-instructor add-on",co-instructor-add-on-copy-2,
"Co-instructor add-on Copy",co-instructor-add-on-copy-4,
"Co-instructor add-on Copy",co-instructor-add-on-copy,
Contacto,https://capacitacion.com.uy/contacto/,
"Content Drip add-on",content-drip-add-on-copy-3,
"Content Drip add-on",content-drip-add-on-copy-copy-2,
"Content Drip add-on",content-drip-add-on,
"Content Drip add-on",content-drip-add-on-copy-copy,
"Content Drip add-on",content-drip-add-on-copy-2,
"Content Drip add-on Copy",content-drip-add-on-copy-4,
"Content Drip add-on Copy",content-drip-add-on-copy,
Cuenta,https://capacitacion.com.uy/account/,
Cursos,https://capacitacion.com.uy/cursos/,
Cursos,https://capacitacion.com.uy/courses/,
"Dental Implant &#8211; The modernest dental care service",https://capacitacion.com.uy/dental-implant-the-modernest-dental-care-service/,"Blog &amp; Events"
Eventos,https://capacitacion.com.uy/eventos/,
"Everyday Healthy Breakfast for Healthy Body",https://capacitacion.com.uy/everyday-healthy-breakfast-for-healthy-body/,"Hanoi, Projects"
Fade,fade,
"Final Quiz",final-quiz,
"Final Quiz",final-quiz-2,
"For Loop",for-loop,
"Forgot Password",https://capacitacion.com.uy/forgot-password/,
Forums,https://capacitacion.com.uy/forums/,
"Getting Started In Successful Life Coaching Career In Venice City",https://capacitacion.com.uy/events/getting-started-in-successful-life-coaching-career-in-venice-city/,
"Healthy Food To Eat During Chemotherapy",https://capacitacion.com.uy/healthy-food-to-eat-during-chemotherapy/,"Blog &amp; Events"
"Herramientas pedagógicas para formadores",https://capacitacion.com.uy/cursos/software-de-oficina/herramientas-pedagogicas/,
Hide/Show,,
"How Drugs Alter The Brain",https://capacitacion.com.uy/how-drugs-alter-the-brain/,"Blog &amp; Events"
"How to connect with others",,
"How to create a network",,
"How To Help Somebody Who Is Depressed",https://capacitacion.com.uy/how-to-help-somebody-who-is-depressed/,"Blog &amp; Events"
"How to use LearnPress",,
"How to use LearnPress",,
"How to use LearnPress",,
"How to use LearnPress",,
"How to use LearnPress",,
"How to use LearnPress",,
"How to use LearnPress Copy",,
"Ill-Effects Of Night Shifts",https://capacitacion.com.uy/ill-effects-of-night-shifts/,"Blog &amp; Events"
Inicio,https://capacitacion.com.uy/,
"Introducción a Macros en MS Excel",https://capacitacion.com.uy/cursos/software-de-oficina/introduccion-a-macros-en-ms-excel/,
"Introduction week: How will you enjoy Summer School 2018",https://capacitacion.com.uy/events/summer-school-2018/,
"jQuery CSS Classes",,
"jQuery css()",,
"jQuery Dimensions",,
"jQuery Final Quiz",,
"jQuery intro",,
"Landing Page",https://capacitacion.com.uy/landing-page/,
"Lecture: An Indigenous Anatolian Syllabic Script From 3500 Years Ago",https://capacitacion.com.uy/top-10-best-health-care-centers/,"Blog &amp; Events"
"Lecture: Treatment Methods for Cancer Patients by Professor Judie Lakaren",https://capacitacion.com.uy/treatment-methods-for-cancer-patients/,"Blog &amp; Events"
"Lesson 1",,
"Lesson 1",,
"Lesson 10",,
"Lesson 10",,
"Lesson 100",,
"Lesson 101",,
"Lesson 102",,
"Lesson 103",,
"Lesson 104",,
"Lesson 105",,
"Lesson 106",,
"Lesson 107",,
"Lesson 108",,
"Lesson 109",,
"Lesson 11",,
"Lesson 11",,
"Lesson 110",,
"Lesson 111",,
"Lesson 112",,
"Lesson 113",,
"Lesson 114",,
"Lesson 115",,
"Lesson 12",,
"Lesson 12",,
"Lesson 13",,
"Lesson 13",,
"Lesson 14",,
"Lesson 14",,
"Lesson 15",,
"Lesson 15",,
"Lesson 16",,
"Lesson 16",,
"Lesson 17",,
"Lesson 17",,
"Lesson 18",,
"Lesson 18",,
"Lesson 19",,
"Lesson 19",,
"Lesson 2",,
"Lesson 2",,
"Lesson 20",,
"Lesson 20",,
"Lesson 21",,
"Lesson 21",,
"Lesson 22",,
"Lesson 22",,
"Lesson 23",,
"Lesson 23",,
"Lesson 24",,
"Lesson 24",,
"Lesson 25",,
"Lesson 25",,
"Lesson 26",,
"Lesson 26",,
"Lesson 27",,
"Lesson 27",,
"Lesson 28",,
"Lesson 28",,
"Lesson 29",,
"Lesson 29",,
"Lesson 3",,
"Lesson 3",,
"Lesson 30",,
"Lesson 30",,
"Lesson 31",,
"Lesson 31",,
"Lesson 32",,
"Lesson 32",,
"Lesson 33",,
"Lesson 33",,
"Lesson 34",,
"Lesson 34",,
"Lesson 35",,
"Lesson 35",,
"Lesson 36",,
"Lesson 36",,
"Lesson 37",,
"Lesson 37",,
"Lesson 38",,
"Lesson 38",,
"Lesson 39",,
"Lesson 39",,
"Lesson 4",,
"Lesson 4",,
"Lesson 40",,
"Lesson 40",,
"Lesson 41",,
"Lesson 41",,
"Lesson 42",,
"Lesson 42",,
"Lesson 43",,
"Lesson 43",,
"Lesson 44",,
"Lesson 44",,
"Lesson 45",,
"Lesson 45",,
"Lesson 46",,
"Lesson 46",,
"Lesson 47",,
"Lesson 47",,
"Lesson 48",,
"Lesson 48",,
"Lesson 49",,
"Lesson 49",,
"Lesson 5",,
"Lesson 5",,
"Lesson 50",,
"Lesson 50",,
"Lesson 51",,
"Lesson 51",,
"Lesson 52",,
"Lesson 52",,
"Lesson 53",,
"Lesson 53",,
"Lesson 54",,
"Lesson 54",,
"Lesson 55",,
"Lesson 55",,
"Lesson 56",,
"Lesson 57",,
"Lesson 58",,
"Lesson 59",,
"Lesson 6",,
"Lesson 6",,
"Lesson 60",,
"Lesson 61",,
"Lesson 62",,
"Lesson 63",,
"Lesson 64",,
"Lesson 65",,
"Lesson 66",,
"Lesson 67",,
"Lesson 68",,
"Lesson 69",,
"Lesson 7",,
"Lesson 7",,
"Lesson 70",,
"Lesson 71",,
"Lesson 72",,
"Lesson 73",,
"Lesson 74",,
"Lesson 75",,
"Lesson 76",,
"Lesson 77",,
"Lesson 78",,
"Lesson 79",,
"Lesson 8",,
"Lesson 8",,
"Lesson 80",,
"Lesson 81",,
"Lesson 82",,
"Lesson 83",,
"Lesson 84",,
"Lesson 85",,
"Lesson 86",,
"Lesson 87",,
"Lesson 88",,
"Lesson 89",,
"Lesson 9",,
"Lesson 9",,
"Lesson 90",,
"Lesson 91",,
"Lesson 92",,
"Lesson 93",,
"Lesson 94",,
"Lesson 95",,
"Lesson 96",,
"Lesson 97",,
"Lesson 98",,
"Lesson 99",,
"Macros en MS Excel",https://capacitacion.com.uy/cursos/software-de-oficina/macros-de-ms-excel/,
Membership,https://capacitacion.com.uy/membership/,
"Membership Account",https://capacitacion.com.uy/membership-account/,
"Membership Billing",https://capacitacion.com.uy/membership-account/membership-billing/,
"Membership Cancel",https://capacitacion.com.uy/membership-account/membership-cancel/,
"Membership Checkout",https://capacitacion.com.uy/membership-account/membership-checkout/,
"Membership Confirmation",https://capacitacion.com.uy/membership-account/membership-confirmation/,
"Membership Invoice",https://capacitacion.com.uy/membership-account/membership-invoice/,
"Membership Levels",https://capacitacion.com.uy/membership-account/membership-levels/,
"MS Access avanzado",https://capacitacion.com.uy/cursos/software-de-oficina/ms-access-avanzado/,
"MS Access intermedio",https://capacitacion.com.uy/cursos/software-de-oficina/ms-access-intermedio/,
"MS Excel avanzado",https://capacitacion.com.uy/cursos/software-de-oficina/ms-excel-avanzado/,
"MS Excel básico",https://capacitacion.com.uy/cursos/software-de-oficina/ms-excel-basico/,
"MS Excel intermedio",https://capacitacion.com.uy/cursos/software-de-oficina/ms-excel-intermedio/,
"MS Project",https://capacitacion.com.uy/cursos/software-de-oficina/ms-project/,
"Necessary health care Tips You Need To Know",https://capacitacion.com.uy/necessary-health-care-tips-you-need-to-know/,"Blog &amp; Events"
"Networking Fundamental 1",,
"NPM &#8211; Node Package Manager",,
"Our new branch will be opened in March 2018",https://capacitacion.com.uy/our-new-branch-will-be-opened-in-march-2018/,"Blog &amp; Events"
"Page 404",https://capacitacion.com.uy/page-404/,
"Página de ejemplo",https://capacitacion.com.uy/pagina-ejemplo/,
"PHP Arrays Multi",,
"PHP Cookies",,
"PHP Final",,
"PHP Sessions",,
Poductos,https://capacitacion.com.uy/poductos/,
"PowerPivot en MS Excel",https://capacitacion.com.uy/cursos/software-de-oficina/powerpivot-en-ms-excel/,
"Presentation: The geographies of a care based economy year 2018",https://capacitacion.com.uy/events/presentation-the-geographies-of-a-care-based-economy-year-2018/,
"Presentation: The preparation for holding World Heath Day in LA 2018",https://capacitacion.com.uy/world-heath-day-2018/,"Blog &amp; Events"
"Product Design Branding Innovative Brand Design Concepts",https://capacitacion.com.uy/events/product-design-branding-innovative-brand-design-concepts-in-birmingham-city/,
Profile,https://capacitacion.com.uy/profile/,
Programas,https://capacitacion.com.uy/programas/,
"Realizamos tus macros en MS Excel",https://capacitacion.com.uy/cursos/software-de-oficina/diseno-de-macros-en-ms-excel/,
"Red-Green Colour Blindness",https://capacitacion.com.uy/red-green-colour-blindness/,"Blog &amp; Events"
"Reset Password",https://capacitacion.com.uy/reset-password/,
"RUPE para validadores",https://capacitacion.com.uy/cursos/sistemas-de-compras-estatales/rupe-para-validadores/,
"RUPE para verificadores",https://capacitacion.com.uy/cursos/sistemas-de-compras-estatales/rupe-para-verificadores/,
"Sample Page",https://capacitacion.com.uy/sample-page/,
"Search post",https://capacitacion.com.uy/search-post/,
Shop,https://capacitacion.com.uy/shop/,
"Single Teacher",https://capacitacion.com.uy/single-teacher/,
"Sistemas de compras estatales",https://capacitacion.com.uy/colecciones/sistemas-de-compras-estatales/,
Slide,,
"Software de oficina",https://capacitacion.com.uy/colecciones/software-de-oficina/,
Soluciones,https://capacitacion.com.uy/colecciones/soluciones/,
"User Account",https://capacitacion.com.uy/user-account/,
"User Login",https://capacitacion.com.uy/user-login/,
"User Register",https://capacitacion.com.uy/user-register/,
Variables,,
"What is LearnPress",,
"What is LearnPress",,
"What is LearnPress",,
"What is LearnPress",,
"What is LearnPress",,
"What is LearnPress Copy",,
"What is LearnPress Copy",,
"What moral decisions should driverless cars make?",https://capacitacion.com.uy/events/what-moral-decisions-should-driverless-cars-make/,
Widget,https://capacitacion.com.uy/widget/,
"WooCommerce payment add-on",,
"WooCommerce payment add-on",,
"WooCommerce payment add-on",,
"WooCommerce payment add-on",,
"WooCommerce payment add-on",,
"WooCommerce payment add-on Copy",,
"WooCommerce payment add-on Copy",,
"Your body language may shape who you are | Amy Cuddy",https://capacitacion.com.uy/benefit-of-coconut-water/,Cake
"¿Quiénes somos?",https://capacitacion.com.uy/sobre-nosotros/,
